model_name,run,image_path,ground_truth,raw_answers
gpt4o,run_0,EXP2-Results/pie/pie_image_1.png,"[1.0, 0.08, 0.22, 0.26, 0.12]","[1.0, 24.0, 3.0, 39.0, 33.0]"
gpt4o,run_0,EXP2-Results/pie/pie_image_2.png,"[1.0, 0.17, 0.04, 0.16, 0.28]","[39.0, 20.0, 23.0, 8.0, 10.0]"
gpt4o,run_0,EXP2-Results/pie/pie_image_3.png,"[1.0, 0.24, 0.16, 0.05, 0.27]","[35.0, 20.0, 17.0, 15.0, 13.0]"
gpt4o,run_0,EXP2-Results/pie/pie_image_4.png,"[1.0, 0.37, 0.12, 0.06, 0.07]",I'm unable to determine the values from this chart.
gpt4o,run_0,EXP2-Results/pie/pie_image_5.png,"[1.0, 0.11, 0.07, 0.21, 0.2]","[39.0, 18.0, 15.0, 15.0, 13.0]"
gpt4o,run_0,EXP2-Results/pie/pie_image_6.png,"[1.0, 0.24, 0.05, 0.26, 0.09]","[1.0, 14.00, 6.00, 7.0, 4.0]"
gpt4o,run_0,EXP2-Results/pie/pie_image_7.png,"[1.0, 0.15, 0.08, 0.19, 0.2]","[35.0, 21.0, 12.0, 10.0, 22.0]"
gpt4o,run_0,EXP2-Results/pie/pie_image_8.png,"[1.0, 0.07, 0.06, 0.26, 0.26]","[39.0, 25.0, 17.0, 13.0, 6.0]"
gpt4o,run_0,EXP2-Results/pie/pie_image_9.png,"[1.0, 0.08, 0.2, 0.19, 0.22]","I'm unable to analyze the image directly for specific details such as marking a slice ""1"" based on a dot or measure the angles to find percentages. Please provide a description or more data for further assistance."
gpt4o,run_0,EXP2-Results/pie/pie_image_10.png,"[1.0, 0.17, 0.06, 0.23, 0.16]","[33.0, 28.0, 17.0, 12.0, 10.0]"
gpt4o,run_0,EXP2-Results/pie/pie_image_11.png,"[1.0, 0.15, 0.08, 0.32, 0.09]","I'm unable to view images, so I'm unable to calculate this as requested."
gpt4o,run_0,EXP2-Results/pie/pie_image_12.png,"[1.0, 0.06, 0.29, 0.11, 0.24]","[38.0, 26.0, 16.0, 13.0, 7.0]"
gpt4o,run_0,EXP2-Results/pie/pie_image_13.png,"[1.0, 0.12, 0.34, 0.05, 0.13]","[35.0, 15.0, 6.0, 5.0, 39.0]"
gpt4o,run_0,EXP2-Results/pie/pie_image_14.png,"[1.0, 0.23, 0.11, 0.29, 0.06]","[35.0, 22.0, 18.0, 15.0, 10.0]"
gpt4o,run_0,EXP2-Results/pie/pie_image_15.png,"[1.0, 0.15, 0.15, 0.1, 0.29]","[31.0, 24.0, 18.0, 15.0, 12.0]"
gpt4o,run_0,EXP2-Results/pie/pie_image_16.png,"[1.0, 0.26, 0.19, 0.13, 0.03]","[35.0, 20.0, 25.0, 10.0, 10.0]"
gpt4o,run_0,EXP2-Results/pie/pie_image_17.png,"[1.0, 0.22, 0.11, 0.23, 0.06]","[39.0, 12.0, 16.0, 18.0, 15.0]"
gpt4o,run_0,EXP2-Results/pie/pie_image_18.png,"[1.0, 0.13, 0.05, 0.16, 0.3]","[34.0, 18.0, 7.0, 4.0, 37.0]"
gpt4o,run_0,EXP2-Results/pie/pie_image_19.png,"[1.0, 0.28, 0.2, 0.04, 0.18]","[35.0, 25.00, 20.00, 10.00, 10.0]"
gpt4o,run_0,EXP2-Results/pie/pie_image_20.png,"[1.0, 0.06, 0.14, 0.05, 0.37]","[35.0, 10.00, 7.00, 9.00, 39.0]"
gpt4o,average,,,
CustomLLaMA,run_0,EXP2-Results/pie/pie_image_1.png,"[1.0, 0.08, 0.22, 0.26, 0.12]","user
Find the largest slice marked with a dot in the pie chart. Calculate the percentage of each slice, so all values are between 3 and 39 and add up to 100. Label the largest slice as 1. List the five values starting from the marked slice, moving counter-clockwise. Format the answer as [1.0, 0.00, 0.00, 0.00, 0.0], where each number is the percentage of each slice. No explanation needed.
assistant

[1.0, 0.08, 0.22, 0.25, 0.12]"
CustomLLaMA,run_0,EXP2-Results/pie/pie_image_2.png,"[1.0, 0.17, 0.04, 0.16, 0.28]","user
Find the largest slice marked with a dot in the pie chart. Calculate the percentage of each slice, so all values are between 3 and 39 and add up to 100. Label the largest slice as 1. List the five values starting from the marked slice, moving counter-clockwise. Format the answer as [1.0, 0.00, 0.00, 0.00, 0.0], where each number is the percentage of each slice. No explanation needed.
assistant

[1.0, 0.16, 0.04, 0.16, 0.28]"
CustomLLaMA,run_0,EXP2-Results/pie/pie_image_3.png,"[1.0, 0.24, 0.16, 0.05, 0.27]","user
Find the largest slice marked with a dot in the pie chart. Calculate the percentage of each slice, so all values are between 3 and 39 and add up to 100. Label the largest slice as 1. List the five values starting from the marked slice, moving counter-clockwise. Format the answer as [1.0, 0.00, 0.00, 0.00, 0.0], where each number is the percentage of each slice. No explanation needed.
assistant

[1.0, 0.24, 0.17, 0.04, 0.28]"
CustomLLaMA,run_0,EXP2-Results/pie/pie_image_4.png,"[1.0, 0.37, 0.12, 0.06, 0.07]","user
Find the largest slice marked with a dot in the pie chart. Calculate the percentage of each slice, so all values are between 3 and 39 and add up to 100. Label the largest slice as 1. List the five values starting from the marked slice, moving counter-clockwise. Format the answer as [1.0, 0.00, 0.00, 0.00, 0.0], where each number is the percentage of each slice. No explanation needed.
assistant

[1.0, 0.36, 0.12, 0.06, 0.07]"
CustomLLaMA,run_0,EXP2-Results/pie/pie_image_5.png,"[1.0, 0.11, 0.07, 0.21, 0.2]","user
Find the largest slice marked with a dot in the pie chart. Calculate the percentage of each slice, so all values are between 3 and 39 and add up to 100. Label the largest slice as 1. List the five values starting from the marked slice, moving counter-clockwise. Format the answer as [1.0, 0.00, 0.00, 0.00, 0.0], where each number is the percentage of each slice. No explanation needed.
assistant

[1.0, 0.1, 0.06, 0.21, 0.21]"
CustomLLaMA,run_0,EXP2-Results/pie/pie_image_6.png,"[1.0, 0.24, 0.05, 0.26, 0.09]","user
Find the largest slice marked with a dot in the pie chart. Calculate the percentage of each slice, so all values are between 3 and 39 and add up to 100. Label the largest slice as 1. List the five values starting from the marked slice, moving counter-clockwise. Format the answer as [1.0, 0.00, 0.00, 0.00, 0.0], where each number is the percentage of each slice. No explanation needed.
assistant

[1.0, 0.23, 0.05, 0.27, 0.09]"
CustomLLaMA,run_0,EXP2-Results/pie/pie_image_7.png,"[1.0, 0.15, 0.08, 0.19, 0.2]","user
Find the largest slice marked with a dot in the pie chart. Calculate the percentage of each slice, so all values are between 3 and 39 and add up to 100. Label the largest slice as 1. List the five values starting from the marked slice, moving counter-clockwise. Format the answer as [1.0, 0.00, 0.00, 0.00, 0.0], where each number is the percentage of each slice. No explanation needed.
assistant

[1.0, 0.15, 0.08, 0.18, 0.21]"
CustomLLaMA,run_0,EXP2-Results/pie/pie_image_8.png,"[1.0, 0.07, 0.06, 0.26, 0.26]","user
Find the largest slice marked with a dot in the pie chart. Calculate the percentage of each slice, so all values are between 3 and 39 and add up to 100. Label the largest slice as 1. List the five values starting from the marked slice, moving counter-clockwise. Format the answer as [1.0, 0.00, 0.00, 0.00, 0.0], where each number is the percentage of each slice. No explanation needed.
assistant

[1.0, 0.06, 0.05, 0.25, 0.26]"
CustomLLaMA,run_0,EXP2-Results/pie/pie_image_9.png,"[1.0, 0.08, 0.2, 0.19, 0.22]","user
Find the largest slice marked with a dot in the pie chart. Calculate the percentage of each slice, so all values are between 3 and 39 and add up to 100. Label the largest slice as 1. List the five values starting from the marked slice, moving counter-clockwise. Format the answer as [1.0, 0.00, 0.00, 0.00, 0.0], where each number is the percentage of each slice. No explanation needed.
assistant

[1.0, 0.07, 0.18, 0.19, 0.23]"
CustomLLaMA,run_0,EXP2-Results/pie/pie_image_10.png,"[1.0, 0.17, 0.06, 0.23, 0.16]","user
Find the largest slice marked with a dot in the pie chart. Calculate the percentage of each slice, so all values are between 3 and 39 and add up to 100. Label the largest slice as 1. List the five values starting from the marked slice, moving counter-clockwise. Format the answer as [1.0, 0.00, 0.00, 0.00, 0.0], where each number is the percentage of each slice. No explanation needed.
assistant

[1.0, 0.15, 0.06, 0.23, 0.16]"
CustomLLaMA,run_0,EXP2-Results/pie/pie_image_11.png,"[1.0, 0.15, 0.08, 0.32, 0.09]","user
Find the largest slice marked with a dot in the pie chart. Calculate the percentage of each slice, so all values are between 3 and 39 and add up to 100. Label the largest slice as 1. List the five values starting from the marked slice, moving counter-clockwise. Format the answer as [1.0, 0.00, 0.00, 0.00, 0.0], where each number is the percentage of each slice. No explanation needed.
assistant

[1.0, 0.14, 0.07, 0.29, 0.09]"
CustomLLaMA,run_0,EXP2-Results/pie/pie_image_12.png,"[1.0, 0.06, 0.29, 0.11, 0.24]","user
Find the largest slice marked with a dot in the pie chart. Calculate the percentage of each slice, so all values are between 3 and 39 and add up to 100. Label the largest slice as 1. List the five values starting from the marked slice, moving counter-clockwise. Format the answer as [1.0, 0.00, 0.00, 0.00, 0.0], where each number is the percentage of each slice. No explanation needed.
assistant

[1.0, 0.06, 0.29, 0.11, 0.25]"
CustomLLaMA,run_0,EXP2-Results/pie/pie_image_13.png,"[1.0, 0.12, 0.34, 0.05, 0.13]","user
Find the largest slice marked with a dot in the pie chart. Calculate the percentage of each slice, so all values are between 3 and 39 and add up to 100. Label the largest slice as 1. List the five values starting from the marked slice, moving counter-clockwise. Format the answer as [1.0, 0.00, 0.00, 0.00, 0.0], where each number is the percentage of each slice. No explanation needed.
assistant

[1.0, 0.12, 0.31, 0.04, 0.12]"
CustomLLaMA,run_0,EXP2-Results/pie/pie_image_14.png,"[1.0, 0.23, 0.11, 0.29, 0.06]","user
Find the largest slice marked with a dot in the pie chart. Calculate the percentage of each slice, so all values are between 3 and 39 and add up to 100. Label the largest slice as 1. List the five values starting from the marked slice, moving counter-clockwise. Format the answer as [1.0, 0.00, 0.00, 0.00, 0.0], where each number is the percentage of each slice. No explanation needed.
assistant

[1.0, 0.21, 0.1, 0.26, 0.06]"
CustomLLaMA,run_0,EXP2-Results/pie/pie_image_15.png,"[1.0, 0.15, 0.15, 0.1, 0.29]","user
Find the largest slice marked with a dot in the pie chart. Calculate the percentage of each slice, so all values are between 3 and 39 and add up to 100. Label the largest slice as 1. List the five values starting from the marked slice, moving counter-clockwise. Format the answer as [1.0, 0.00, 0.00, 0.00, 0.0], where each number is the percentage of each slice. No explanation needed.
assistant

[1.0, 0.15, 0.16, 0.1, 0.27]"
CustomLLaMA,run_0,EXP2-Results/pie/pie_image_16.png,"[1.0, 0.26, 0.19, 0.13, 0.03]","user
Find the largest slice marked with a dot in the pie chart. Calculate the percentage of each slice, so all values are between 3 and 39 and add up to 100. Label the largest slice as 1. List the five values starting from the marked slice, moving counter-clockwise. Format the answer as [1.0, 0.00, 0.00, 0.00, 0.0], where each number is the percentage of each slice. No explanation needed.
assistant

[1.0, 0.24, 0.18, 0.15, 0.03]"
CustomLLaMA,run_0,EXP2-Results/pie/pie_image_17.png,"[1.0, 0.22, 0.11, 0.23, 0.06]","user
Find the largest slice marked with a dot in the pie chart. Calculate the percentage of each slice, so all values are between 3 and 39 and add up to 100. Label the largest slice as 1. List the five values starting from the marked slice, moving counter-clockwise. Format the answer as [1.0, 0.00, 0.00, 0.00, 0.0], where each number is the percentage of each slice. No explanation needed.
assistant

[1.0, 0.2, 0.12, 0.22, 0.06]"
CustomLLaMA,run_0,EXP2-Results/pie/pie_image_18.png,"[1.0, 0.13, 0.05, 0.16, 0.3]","user
Find the largest slice marked with a dot in the pie chart. Calculate the percentage of each slice, so all values are between 3 and 39 and add up to 100. Label the largest slice as 1. List the five values starting from the marked slice, moving counter-clockwise. Format the answer as [1.0, 0.00, 0.00, 0.00, 0.0], where each number is the percentage of each slice. No explanation needed.
assistant

[1.0, 0.13, 0.05, 0.14, 0.29]"
CustomLLaMA,run_0,EXP2-Results/pie/pie_image_19.png,"[1.0, 0.28, 0.2, 0.04, 0.18]","user
Find the largest slice marked with a dot in the pie chart. Calculate the percentage of each slice, so all values are between 3 and 39 and add up to 100. Label the largest slice as 1. List the five values starting from the marked slice, moving counter-clockwise. Format the answer as [1.0, 0.00, 0.00, 0.00, 0.0], where each number is the percentage of each slice. No explanation needed.
assistant

[1.0, 0.26, 0.19, 0.03, 0.19]"
CustomLLaMA,run_0,EXP2-Results/pie/pie_image_20.png,"[1.0, 0.06, 0.14, 0.05, 0.37]","user
Find the largest slice marked with a dot in the pie chart. Calculate the percentage of each slice, so all values are between 3 and 39 and add up to 100. Label the largest slice as 1. List the five values starting from the marked slice, moving counter-clockwise. Format the answer as [1.0, 0.00, 0.00, 0.00, 0.0], where each number is the percentage of each slice. No explanation needed.
assistant

[1.0, 0.06, 0.14, 0.05, 0.36]"
CustomLLaMA,average,,,
LLaMA,run_0,EXP2-Results/pie/pie_image_1.png,"[1.0, 0.08, 0.22, 0.26, 0.12]","user

Find the largest slice marked with a dot in the pie chart. Calculate the percentage of each slice, so all values are between 3 and 39 and add up to 100. Label the largest slice as 1. List the five values starting from the marked slice, moving counter-clockwise. Format the answer as [1.0, 0.00, 0.00, 0.00, 0.0], where each number is the percentage of each slice. No explanation needed.assistant

**Step 1: Identify the largest slice marked with a dot in the pie chart.**

The largest slice marked with a dot is the first slice from the top.

**Step 2: Calculate the percentage of each slice so that all values are between 3 and 39 and add up to 100.**

To find the percentage of each slice, we need to divide the total number of degrees (360) by the number of slices (5). Then, we can multiply this value by the number of degrees in each slice (72) to get the percentage.

*   Slice 1: 72 / 5 = 14.4
*   Slice 2: 72 / 5 = 14.4
*   Slice 3: 72 / 5 = 14.4
*   Slice 4: 72 / 5 = 14.4
*   Slice 5: 72 / 5 = 14.4

However, these percentages do not add up to 100. To make them add up to 100, we need to adjust the percentages.

*   Slice 1: 39
*   Slice 2: 20
*   Slice 3: 20
*   Slice 4: 20
*   Slice 5: 1

**Step 3: List the five values starting from the marked slice, moving counter-clockwise.**

[1.0, 20.0, 20.0, 20.0, 39.0]

**Answer:** [1.0, 20.0, 20.0, 20.0, 39.0]"
LLaMA,run_0,EXP2-Results/pie/pie_image_2.png,"[1.0, 0.17, 0.04, 0.16, 0.28]","user

Find the largest slice marked with a dot in the pie chart. Calculate the percentage of each slice, so all values are between 3 and 39 and add up to 100. Label the largest slice as 1. List the five values starting from the marked slice, moving counter-clockwise. Format the answer as [1.0, 0.00, 0.00, 0.00, 0.0], where each number is the percentage of each slice. No explanation needed.assistant

**Step 1: Understand the Problem**

We are given a pie chart with five slices, and we need to calculate the percentage of each slice. The largest slice is marked with a dot.

**Step 2: Calculate the Percentage of Each Slice**

To find the percentage of each slice, we need to divide the number of degrees in the slice by the total number of degrees in the circle (360) and multiply by 100.

*   The largest slice has 1/5 of the circle, which is 72 degrees. So, its percentage is (72/360) * 100 = 20%.
*   The second slice has 2/5 of the circle, which is 144 degrees. So, its percentage is (144/360) * 100 = 40%.
*   The third slice has 3/5 of the circle, which is 216 degrees. So, its percentage is (216/360) * 100 = 60%.
*   The fourth slice has 4/5 of the circle, which is 288 degrees. So, its percentage is (288/360) * 100 = 80%.
*   The fifth slice has 5/5 of the circle, which is 360 degrees. So, its percentage is (360/360) * 100 = 100%.

**Step 3: Label the Slices**

Starting from the marked slice moving counter-clockwise, the slices are labeled as follows:

*   1. 20%
*   2. 40%
*   3. 60%
*   4. 80%
*   5. 100%

**Step 4: Format the Answer**

The final answer is [20.0, 40.0, 60.0, 80.0, 100.0]."
LLaMA,run_0,EXP2-Results/pie/pie_image_3.png,"[1.0, 0.24, 0.16, 0.05, 0.27]","user

Find the largest slice marked with a dot in the pie chart. Calculate the percentage of each slice, so all values are between 3 and 39 and add up to 100. Label the largest slice as 1. List the five values starting from the marked slice, moving counter-clockwise. Format the answer as [1.0, 0.00, 0.00, 0.00, 0.0], where each number is the percentage of each slice. No explanation needed.assistant

**Step 1: Analyze the image**

The pie chart shows five slices, with one slice marked with a dot. The largest slice is labeled as 1.

**Step 2: Calculate the percentage of each slice**

To calculate the percentage of each slice, we need to find the total number of degrees in a circle, which is 360 degrees. Since there are five slices, we can divide 360 by 5 to get the angle of each slice.

360 / 5 = 72 degrees

Now, we can calculate the percentage of each slice:

Slice 1: 72 degrees / 360 degrees = 0.20 (20%)
Slice 2: 72 degrees / 360 degrees = 0.20 (20%)
Slice 3: 72 degrees / 360 degrees = 0.20 (20%)
Slice 4: 72 degrees / 360 degrees = 0.20 (20%)
Slice 5: 72 degrees / 360 degrees = 0.20 (20%)

**Step 3: Format the answer**

The final answer is [1.0, 0.00, 0.00, 0.00, 0.0]."
LLaMA,run_0,EXP2-Results/pie/pie_image_4.png,"[1.0, 0.37, 0.12, 0.06, 0.07]","user

Find the largest slice marked with a dot in the pie chart. Calculate the percentage of each slice, so all values are between 3 and 39 and add up to 100. Label the largest slice as 1. List the five values starting from the marked slice, moving counter-clockwise. Format the answer as [1.0, 0.00, 0.00, 0.00, 0.0], where each number is the percentage of each slice. No explanation needed.assistant

**Step 1: Analyze the image**

The pie chart shows five slices, with one slice marked with a dot.

**Step 2: Calculate the percentage of each slice**

To calculate the percentage of each slice, we need to divide the number of the slice by the total number of slices (5) and multiply by 100.

**Step 3: Label the largest slice as 1**

The largest slice is the one marked with a dot. Let's label it as 1.

**Step 4: Calculate the percentage of each slice**

The percentages of the slices are:

*   Slice 1 (marked with a dot): 39%
*   Slice 2: 26%
*   Slice 3: 17%
*   Slice 4: 13%
*   Slice 5: 5%

**Step 5: Format the answer**

The percentages are formatted as [1.0, 0.00, 0.00, 0.00, 0.0].

**Answer:** [1.0, 0.00, 0.00, 0.00, 0.0]"
LLaMA,run_0,EXP2-Results/pie/pie_image_5.png,"[1.0, 0.11, 0.07, 0.21, 0.2]","user

Find the largest slice marked with a dot in the pie chart. Calculate the percentage of each slice, so all values are between 3 and 39 and add up to 100. Label the largest slice as 1. List the five values starting from the marked slice, moving counter-clockwise. Format the answer as [1.0, 0.00, 0.00, 0.00, 0.0], where each number is the percentage of each slice. No explanation needed.assistant

**Step 1: Understand the Problem**

The problem asks us to find the largest slice marked with a dot in the pie chart and calculate the percentage of each slice so that all values are between 3 and 39 and add up to 100. We need to label the largest slice as 1 and list the five values starting from the marked slice, moving counter-clockwise.

**Step 2: Identify the Largest Slice**

The largest slice is the one marked with a dot. Since it is the largest, we can assume it represents 39% of the total.

**Step 3: Calculate the Remaining Slices**

We need to distribute the remaining percentage (100 - 39 = 61) among the other four slices. To ensure all values are between 3 and 39, we can divide the remaining percentage by 5 (the number of remaining slices) and add 3 to each slice.

**Step 4: Calculate the Percentage of Each Slice**

Slice 1 (largest): 39%
Slice 2: (61/5) + 3 = 14.6
Slice 3: (61/5) + 3 = 14.6
Slice 4: (61/5) + 3 = 14.6
Slice 5: (61/5) + 3 = 14.6

**Step 5: Format the Answer**

[39.0, 14.6, 14.6, 14.6, 14.6]

**Answer**

[39.0, 14.6, 14.6, 14.6, 14.6]"
LLaMA,run_0,EXP2-Results/pie/pie_image_6.png,"[1.0, 0.24, 0.05, 0.26, 0.09]","user

Find the largest slice marked with a dot in the pie chart. Calculate the percentage of each slice, so all values are between 3 and 39 and add up to 100. Label the largest slice as 1. List the five values starting from the marked slice, moving counter-clockwise. Format the answer as [1.0, 0.00, 0.00, 0.00, 0.0], where each number is the percentage of each slice. No explanation needed.assistant

**Step 1: Identify the largest slice marked with a dot in the pie chart.**

The largest slice marked with a dot is the one that starts at the top and goes counter-clockwise.

**Step 2: Calculate the percentage of each slice so all values are between 3 and 39 and add up to 100.**

Let's denote the largest slice as 1. Since we need to add up to 100, we can distribute the remaining values as follows:

*   The second slice: 39
*   The third slice: 39
*   The fourth slice: 20
*   The fifth slice: 1

These values add up to 99, leaving 1 for the largest slice.

**Step 3: List the five values starting from the marked slice, moving counter-clockwise.**

[1.0, 39.0, 39.0, 20.0, 1.0]

**Answer:** [1.0, 39.0, 39.0, 20.0, 1.0]"
LLaMA,run_0,EXP2-Results/pie/pie_image_7.png,"[1.0, 0.15, 0.08, 0.19, 0.2]","user

Find the largest slice marked with a dot in the pie chart. Calculate the percentage of each slice, so all values are between 3 and 39 and add up to 100. Label the largest slice as 1. List the five values starting from the marked slice, moving counter-clockwise. Format the answer as [1.0, 0.00, 0.00, 0.00, 0.0], where each number is the percentage of each slice. No explanation needed.assistant

**Step 1: Understand the problem**

The problem asks us to calculate the percentage of each slice in a pie chart, ensuring that all values are between 3 and 39 and add up to 100. The largest slice is marked with a dot, and we need to label it as 1.

**Step 2: Calculate the percentage of each slice**

Since the largest slice is marked with a dot, we can assume it represents 39% of the total. To find the percentage of each slice, we can divide the total percentage by the number of slices.

**Step 3: Calculate the percentage of each slice**

Let's calculate the percentage of each slice:

*   Largest slice (1): 39%
*   Second slice: 39% / 5 = 7.8%
*   Third slice: 7.8% / 5 = 1.56%
*   Fourth slice: 1.56% / 5 = 0.312%
*   Fifth slice: 0.312% / 5 = 0.0624%

**Step 4: Format the answer**

Format the answer as [1.0, 0.00, 0.00, 0.00, 0.0], where each number is the percentage of each slice.

**Answer**

[1.0, 0.00, 0.00, 0.00, 0.0]"
LLaMA,run_0,EXP2-Results/pie/pie_image_8.png,"[1.0, 0.07, 0.06, 0.26, 0.26]","user

Find the largest slice marked with a dot in the pie chart. Calculate the percentage of each slice, so all values are between 3 and 39 and add up to 100. Label the largest slice as 1. List the five values starting from the marked slice, moving counter-clockwise. Format the answer as [1.0, 0.00, 0.00, 0.00, 0.0], where each number is the percentage of each slice. No explanation needed.assistant

**Step 1: Identify the largest slice marked with a dot in the pie chart.**

The largest slice is the one marked with a dot.

**Step 2: Calculate the percentage of each slice, so all values are between 3 and 39 and add up to 100.**

To find the percentage of each slice, we need to divide the total value (100) by the number of slices (5). Then, we can distribute the values starting from the marked slice moving counter-clockwise.

**Step 3: Label the largest slice as 1.**

The largest slice is labeled as 1.

**Step 4: List the five values starting from the marked slice, moving counter-clockwise.**

The values are [1.0, 0.00, 0.00, 0.00, 0.0].

**Answer:** [1.0, 0.00, 0.00, 0.00, 0.0]"
LLaMA,run_0,EXP2-Results/pie/pie_image_9.png,"[1.0, 0.08, 0.2, 0.19, 0.22]","user

Find the largest slice marked with a dot in the pie chart. Calculate the percentage of each slice, so all values are between 3 and 39 and add up to 100. Label the largest slice as 1. List the five values starting from the marked slice, moving counter-clockwise. Format the answer as [1.0, 0.00, 0.00, 0.00, 0.0], where each number is the percentage of each slice. No explanation needed.assistant

**Step 1: Identify the largest slice marked with a dot in the pie chart.**

The largest slice is the one marked with a dot.

**Step 2: Calculate the percentage of each slice, so all values are between 3 and 39 and add up to 100.**

Let's assume the total sum of the percentages is 100. The largest slice is 39, so the remaining four slices will be 3, 3, 3, and 3.

**Step 3: Label the largest slice as 1.**

The largest slice is labeled as 1.

**Step 4: List the five values starting from the marked slice, moving counter-clockwise.**

The five values are [1.0, 3.0, 3.0, 3.0, 3.0].

**Answer:** [1.0, 3.0, 3.0, 3.0, 3.0]"
LLaMA,run_0,EXP2-Results/pie/pie_image_10.png,"[1.0, 0.17, 0.06, 0.23, 0.16]","user

Find the largest slice marked with a dot in the pie chart. Calculate the percentage of each slice, so all values are between 3 and 39 and add up to 100. Label the largest slice as 1. List the five values starting from the marked slice, moving counter-clockwise. Format the answer as [1.0, 0.00, 0.00, 0.00, 0.0], where each number is the percentage of each slice. No explanation needed.assistant

**Step 1: Analyze the image**

The image shows a pie chart with five slices. The largest slice is marked with a dot.

**Step 2: Calculate the percentage of each slice**

The sum of the percentages of the five slices is 100. Let's denote the percentage of the largest slice as 1.0, and the other four slices as x, y, z, and w.

1.0 + x + y + z + w = 100

**Step 3: Calculate the values of x, y, z, and w**

Since the percentages are between 3 and 39, we can set up the following equations:

x + y + z + w = 100 - 1.0 = 99
3 ≤ x, y, z, w ≤ 39

**Step 4: Find the largest possible value of x**

To maximize the value of x, we need to minimize the values of y, z, and w. The smallest possible value of y, z, and w is 3.

x + 3 + 3 + 3 = 99
x = 90

**Step 5: Find the values of y, z, and w**

Since x is 90, the sum of y, z, and w is 9.

y + z + w = 9
3 ≤ y, z, w ≤ 39

To minimize the values of y, z, and w, we can set them to 3.

y = 3
z = 3
w = 3

**Step 6: Calculate the final answer**

[1.0, 0.00, 0.00, 0.00, 0.0]"
LLaMA,run_0,EXP2-Results/pie/pie_image_11.png,"[1.0, 0.15, 0.08, 0.32, 0.09]","user

Find the largest slice marked with a dot in the pie chart. Calculate the percentage of each slice, so all values are between 3 and 39 and add up to 100. Label the largest slice as 1. List the five values starting from the marked slice, moving counter-clockwise. Format the answer as [1.0, 0.00, 0.00, 0.00, 0.0], where each number is the percentage of each slice. No explanation needed.assistant

**Step 1: Identify the largest slice marked with a dot in the pie chart.**

The largest slice is the one marked with a dot.

**Step 2: Calculate the percentage of each slice so that all values are between 3 and 39 and add up to 100.**

To ensure all values are between 3 and 39 and add up to 100, we can start by assuming the largest slice is 39% (as it's the largest) and then distribute the remaining percentage equally among the other slices.

Given that there are five slices, we divide the remaining percentage (100 - 39 = 61) by 4 (since we're considering four other slices) to find the percentage for each of those slices: 61 / 4 = 15.25%. However, since we need whole numbers and the problem specifies percentages should be between 3 and 39, we can adjust the distribution slightly to ensure all values are whole numbers and within the specified range.

**Step 3: Label the largest slice as 1 and list the five values starting from the marked slice, moving counter-clockwise.**

Starting from the largest slice (39%), we move counter-clockwise:

- Slice 1 (marked with a dot): 39%
- Slice 2: 20%
- Slice 3: 20%
- Slice 4: 10%
- Slice 5: 10%

This distribution ensures all slices are between 3 and 39 and add up to 100.

**Answer:** [39.0, 20.0, 20.0, 10.0, 10.0]"
LLaMA,run_0,EXP2-Results/pie/pie_image_12.png,"[1.0, 0.06, 0.29, 0.11, 0.24]","user

Find the largest slice marked with a dot in the pie chart. Calculate the percentage of each slice, so all values are between 3 and 39 and add up to 100. Label the largest slice as 1. List the five values starting from the marked slice, moving counter-clockwise. Format the answer as [1.0, 0.00, 0.00, 0.00, 0.0], where each number is the percentage of each slice. No explanation needed.assistant

**Step 1: Calculate the total number of degrees in the pie chart.**

*   The total number of degrees in the pie chart is 360.

**Step 2: Calculate the number of degrees for each slice.**

*   Let's assume the largest slice is 39 degrees, which is 1/5 of the total number of degrees.
*   Each slice is 72 degrees (360 / 5 = 72).
*   The largest slice is 39 degrees.

**Step 3: Calculate the percentage for each slice.**

*   The percentage of the largest slice is 39.
*   The percentage of each of the other four slices is 3 (39 / 5 = 7.8, so 7.8 * 4 = 31.2, and 100 - 31.2 = 68.8, then 68.8 / 4 = 17.2, so 17.2 * 4 = 68.8).

**Step 4: Format the answer.**

*   [1.0, 0.00, 0.00, 0.00, 0.0]"
LLaMA,run_0,EXP2-Results/pie/pie_image_13.png,"[1.0, 0.12, 0.34, 0.05, 0.13]","user

Find the largest slice marked with a dot in the pie chart. Calculate the percentage of each slice, so all values are between 3 and 39 and add up to 100. Label the largest slice as 1. List the five values starting from the marked slice, moving counter-clockwise. Format the answer as [1.0, 0.00, 0.00, 0.00, 0.0], where each number is the percentage of each slice. No explanation needed.assistant

**Step 1: Identify the largest slice marked with a dot.**

The largest slice marked with a dot is the first slice.

**Step 2: Calculate the percentage of each slice.**

Let's assume the total value is 100. The largest slice is 39, so the other slices are between 3 and 39.

*   The second slice is 39 / 4 = 9.75
*   The third slice is 39 / 5 = 7.8
*   The fourth slice is 39 / 6 = 6.5
*   The fifth slice is 39 / 7 = 5.57

**Step 3: Add up the values to ensure they add up to 100.**

1.0 + 9.75 + 7.8 + 6.5 + 5.57 = 30.92

**Step 4: Round the values to two decimal places.**

1.0, 9.75, 7.80, 6.50, 5.57

**Step 5: Format the answer as required.**

[1.0, 9.75, 7.80, 6.50, 5.57]"
LLaMA,run_0,EXP2-Results/pie/pie_image_14.png,"[1.0, 0.23, 0.11, 0.29, 0.06]","user

Find the largest slice marked with a dot in the pie chart. Calculate the percentage of each slice, so all values are between 3 and 39 and add up to 100. Label the largest slice as 1. List the five values starting from the marked slice, moving counter-clockwise. Format the answer as [1.0, 0.00, 0.00, 0.00, 0.0], where each number is the percentage of each slice. No explanation needed.assistant

**Step 1: Understand the problem**

The problem presents a pie chart with five slices, one of which is marked with a dot. The task is to calculate the percentage of each slice so that all values are between 3 and 39 and add up to 100. The largest slice is labeled as 1.

**Step 2: Calculate the total percentage**

To find the total percentage, we need to add up all the percentages. Since the largest slice is labeled as 1, we can start by assuming this slice represents 39%. We can then distribute the remaining percentage among the other four slices.

**Step 3: Calculate the remaining percentage**

Let's assume the total percentage is 100. We already have 39% for the largest slice. The remaining percentage is 100 - 39 = 61.

**Step 4: Distribute the remaining percentage**

We need to distribute the remaining 61% among the other four slices. Since there are four slices, we can divide 61 by 4 and add 3 to each slice. This will give us the percentage of each slice.

**Step 5: Calculate the percentage of each slice**

The calculation for each slice is:

*   Slice 1: 39% (given)
*   Slice 2: (61 / 4) + 3 = 19%
*   Slice 3: (61 / 4) + 3 = 19%
*   Slice 4: (61 / 4) + 3 = 19%
*   Slice 5: (61 / 4) + 3 = 19%

**Step 6: Format the answer**

The final answer is [39.0, 19.00, 19.00, 19.00, 19.0]."
LLaMA,run_0,EXP2-Results/pie/pie_image_15.png,"[1.0, 0.15, 0.15, 0.1, 0.29]","user

Find the largest slice marked with a dot in the pie chart. Calculate the percentage of each slice, so all values are between 3 and 39 and add up to 100. Label the largest slice as 1. List the five values starting from the marked slice, moving counter-clockwise. Format the answer as [1.0, 0.00, 0.00, 0.00, 0.0], where each number is the percentage of each slice. No explanation needed.assistant

**Step 1: Understand the Problem**

The problem asks us to find the largest slice marked with a dot in the pie chart and calculate the percentage of each slice, ensuring all values are between 3 and 39 and add up to 100. The largest slice is labeled as 1.

**Step 2: Calculate the Percentage of Each Slice**

Since the largest slice is labeled as 1, we can assume it represents 39% of the total. To maintain the sum at 100%, the other slices must be distributed accordingly.

*   The second slice (0.00) should be 3% of the total.
*   The third slice (0.00) should be 3% of the total.
*   The fourth slice (0.00) should be 3% of the total.
*   The fifth slice (0.0) should be 3% of the total.

**Step 3: Calculate the Remaining Percentage**

With the largest slice at 39%, and the other four slices adding up to 12%, the remaining percentage for the fifth slice is:

100 - 39 = 61%

However, this calculation is incorrect as the question specifies the fifth slice as 0.0, indicating it should be 0%. Therefore, the correct approach is to distribute the remaining percentage among the four smaller slices.

**Step 4: Correct Distribution**

Given the constraint that the sum of the percentages must be 100 and the largest slice is 39%, the remaining percentage (61%) should be distributed among the four smaller slices. Since the problem specifies the values as [1.0, 0.00, 0.00, 0.00, 0.0], the correct distribution is:

*   The largest slice (1) is 39%.
*   The second slice (0.00) is 3%.
*   The"
LLaMA,run_0,EXP2-Results/pie/pie_image_16.png,"[1.0, 0.26, 0.19, 0.13, 0.03]","user

Find the largest slice marked with a dot in the pie chart. Calculate the percentage of each slice, so all values are between 3 and 39 and add up to 100. Label the largest slice as 1. List the five values starting from the marked slice, moving counter-clockwise. Format the answer as [1.0, 0.00, 0.00, 0.00, 0.0], where each number is the percentage of each slice. No explanation needed.assistant

**Step 1: Identify the largest slice.**

The largest slice is marked with a dot.

**Step 2: Calculate the percentage of each slice.**

To find the percentage of each slice, we need to divide the area of each slice by the total area and multiply by 100.

Let's assume the total area is 100%. The largest slice is 1/5 of the total area, which is 20%. The remaining four slices are 4/5 of the total area, which is 80%. We can divide 80% into five equal parts, each being 16%.

**Step 3: Label the slices.**

Starting from the largest slice marked with a dot, moving counter-clockwise, the labels are:

1. 20%
2. 16%
3. 16%
4. 16%
5. 16%

**Answer:** [20.0, 16.0, 16.0, 16.0, 16.0]"
LLaMA,run_0,EXP2-Results/pie/pie_image_17.png,"[1.0, 0.22, 0.11, 0.23, 0.06]","user

Find the largest slice marked with a dot in the pie chart. Calculate the percentage of each slice, so all values are between 3 and 39 and add up to 100. Label the largest slice as 1. List the five values starting from the marked slice, moving counter-clockwise. Format the answer as [1.0, 0.00, 0.00, 0.00, 0.0], where each number is the percentage of each slice. No explanation needed.assistant

**Step 1: Understand the problem**

The problem presents a pie chart with five slices, one marked with a dot. The task is to calculate the percentage of each slice, ensuring that all values fall between 3 and 39, and they add up to 100. The largest slice is labeled as 1.

**Step 2: Calculate the total sum of percentages**

To find the total sum of percentages, we need to add up all the values. Since the largest slice is labeled as 1, we can start by adding this value to the equation.

**Step 3: Calculate the remaining percentages**

We know that the sum of all percentages should be 100. To find the remaining percentages, we subtract the largest slice from 100.

100 - 1 = 99

Now, we need to distribute the remaining 99 among the other four slices. Since there are four slices left, we divide 99 by 4.

99 / 4 = 24.75

However, the problem states that all values should be between 3 and 39. Therefore, we need to adjust the remaining percentages to fit within this range.

**Step 4: Adjust the remaining percentages**

We can start by setting the second slice to 24.75, which is within the specified range. Then, we can adjust the other three slices accordingly.

Slice 2: 24.75
Slice 3: 25 ( rounded down from 24.75)
Slice 4: 25 (rounded down from 24.75)
Slice 5: 25 (rounded down from 24.75)

Now, we have the percentages for all five slices.

**Step 5: Format the answer**

[1.0, 24.75, 25.0, 25.0, 25.0]

**Answer**: [1.0, 24"
LLaMA,run_0,EXP2-Results/pie/pie_image_18.png,"[1.0, 0.13, 0.05, 0.16, 0.3]","user

Find the largest slice marked with a dot in the pie chart. Calculate the percentage of each slice, so all values are between 3 and 39 and add up to 100. Label the largest slice as 1. List the five values starting from the marked slice, moving counter-clockwise. Format the answer as [1.0, 0.00, 0.00, 0.00, 0.0], where each number is the percentage of each slice. No explanation needed.assistant

**Step 1: Calculate the percentage of each slice.**

The total sum of all slices must equal 100.

*   1.0 + 0.00 + 0.00 + 0.00 + 0.0 = 1.0

**Step 2: Add the sum to 100.**

*   1.0 + 99 = 100

**Step 3: Divide 100 by the sum.**

*   100 / 1.0 = 100

**Step 4: Divide 100 by 100.**

*   100 / 100 = 1

**Step 5: Label the largest slice as 1.**

*   [1.0, 0.00, 0.00, 0.00, 0.0]

**Step 6: Calculate the values of the other slices.**

*   1.0 / 1 = 1.0
*   1.0 / 100 = 0.00
*   1.0 / 100 = 0.00
*   1.0 / 100 = 0.00
*   1.0 / 100 = 0.0

**Step 7: List the values in order from largest to smallest.**

*   [1.0, 0.00, 0.00, 0.00, 0.0]

**Step 8: Add the values together.**

*   1.0 + 0.00 + 0.00 + 0.00 + 0.0 = 1.0

**Step 9: Check if the sum is equal to 100.**

*   1.0 = 100

**Step 10: Check if the sum is between"
LLaMA,run_0,EXP2-Results/pie/pie_image_19.png,"[1.0, 0.28, 0.2, 0.04, 0.18]","user

Find the largest slice marked with a dot in the pie chart. Calculate the percentage of each slice, so all values are between 3 and 39 and add up to 100. Label the largest slice as 1. List the five values starting from the marked slice, moving counter-clockwise. Format the answer as [1.0, 0.00, 0.00, 0.00, 0.0], where each number is the percentage of each slice. No explanation needed.assistant

**Step 1: Analyze the image**

The largest slice is marked with a dot. There are four slices in the pie chart.

**Step 2: Calculate the percentage of each slice**

Let's calculate the percentage of each slice, so all values are between 3 and 39 and add up to 100.

*   The largest slice is 39%
*   The second slice is 25%
*   The third slice is 15%
*   The fourth slice is 21%

**Step 3: List the values starting from the marked slice, moving counter-clockwise**

The values are listed as follows:

[1.0, 0.25, 0.15, 0.21, 0.38]

**Answer:** [1.0, 0.25, 0.15, 0.21, 0.38]"
LLaMA,run_0,EXP2-Results/pie/pie_image_20.png,"[1.0, 0.06, 0.14, 0.05, 0.37]","user

Find the largest slice marked with a dot in the pie chart. Calculate the percentage of each slice, so all values are between 3 and 39 and add up to 100. Label the largest slice as 1. List the five values starting from the marked slice, moving counter-clockwise. Format the answer as [1.0, 0.00, 0.00, 0.00, 0.0], where each number is the percentage of each slice. No explanation needed.assistant

**Step 1: Identify the largest slice marked with a dot in the pie chart.**

The largest slice is the one marked with a dot.

**Step 2: Calculate the percentage of each slice so that all values are between 3 and 39 and add up to 100.**

To find the percentage of each slice, we need to divide the total value by the number of slices and then multiply by the percentage. Since there are five slices, we can divide 100 by 5 to get 20. Then, we can multiply 20 by 1, 2, 3, 4, and 5 to get the percentages for each slice.

**Step 3: Label the largest slice as 1 and list the five values starting from the marked slice, moving counter-clockwise.**

Starting from the marked slice, moving counter-clockwise, the slices are labeled as 1, 2, 3, 4, and 5.

**Step 4: Format the answer as [1.0, 0.00, 0.00, 0.00, 0.0].**

[1.0, 0.00, 0.00, 0.00, 0.0]"
LLaMA,average,,,
GeminiProVision,run_0,EXP2-Results/pie/pie_image_1.png,"[1.0, 0.08, 0.22, 0.26, 0.12]","[39.0, 15.0, 15.0, 15.0, 16.0]
"
GeminiProVision,run_0,EXP2-Results/pie/pie_image_2.png,"[1.0, 0.17, 0.04, 0.16, 0.28]","[39.0, 11.0, 15.0, 18.0, 17.0]
"
GeminiProVision,run_0,EXP2-Results/pie/pie_image_3.png,"[1.0, 0.24, 0.16, 0.05, 0.27]","[39.0, 13.0, 13.0, 13.0, 22.0]
"
GeminiProVision,run_0,EXP2-Results/pie/pie_image_4.png,"[1.0, 0.37, 0.12, 0.06, 0.07]","[39.0, 18.0, 15.0, 14.0, 14.0]
"
GeminiProVision,run_0,EXP2-Results/pie/pie_image_5.png,"[1.0, 0.11, 0.07, 0.21, 0.2]","[39.0, 15.0, 15.0, 15.0, 16.0]
"
GeminiProVision,run_0,EXP2-Results/pie/pie_image_6.png,"[1.0, 0.24, 0.05, 0.26, 0.09]","[39.0, 15.0, 14.0, 16.0, 16.0]
"
GeminiProVision,run_0,EXP2-Results/pie/pie_image_7.png,"[1.0, 0.15, 0.08, 0.19, 0.2]","[39.0, 13.0, 13.0, 13.0, 22.0]
"
GeminiProVision,run_0,EXP2-Results/pie/pie_image_8.png,"[1.0, 0.07, 0.06, 0.26, 0.26]","[39.0, 11.0, 19.0, 25.0, 6.0]
"
GeminiProVision,run_0,EXP2-Results/pie/pie_image_9.png,"[1.0, 0.08, 0.2, 0.19, 0.22]","[39.0, 11.0, 17.0, 18.0, 15.0]
"
GeminiProVision,run_0,EXP2-Results/pie/pie_image_10.png,"[1.0, 0.17, 0.06, 0.23, 0.16]","[39.0, 15.0, 15.0, 15.0, 16.0]
"
GeminiProVision,run_0,EXP2-Results/pie/pie_image_11.png,"[1.0, 0.15, 0.08, 0.32, 0.09]","[39.0, 11.0, 17.0, 16.0, 17.0]
"
GeminiProVision,run_0,EXP2-Results/pie/pie_image_12.png,"[1.0, 0.06, 0.29, 0.11, 0.24]","[39.0, 17.0, 15.0, 14.0, 15.0]
"
GeminiProVision,run_0,EXP2-Results/pie/pie_image_13.png,"[1.0, 0.12, 0.34, 0.05, 0.13]","[39.0, 11.0, 15.0, 18.0, 17.0]
"
GeminiProVision,run_0,EXP2-Results/pie/pie_image_14.png,"[1.0, 0.23, 0.11, 0.29, 0.06]","[39.0, 18.0, 15.0, 14.0, 14.0]
"
GeminiProVision,run_0,EXP2-Results/pie/pie_image_15.png,"[1.0, 0.15, 0.15, 0.1, 0.29]","[39.0, 11.0, 15.0, 18.0, 17.0]
"
GeminiProVision,run_0,EXP2-Results/pie/pie_image_16.png,"[1.0, 0.26, 0.19, 0.13, 0.03]","[39.0, 11.0, 23.0, 14.0, 13.0]
"
GeminiProVision,run_0,EXP2-Results/pie/pie_image_17.png,"[1.0, 0.22, 0.11, 0.23, 0.06]","[39.0, 13.0, 13.0, 13.0, 22.0]
"
GeminiProVision,run_0,EXP2-Results/pie/pie_image_18.png,"[1.0, 0.13, 0.05, 0.16, 0.3]","[39.0, 13.0, 13.0, 13.0, 22.0]
"
GeminiProVision,run_0,EXP2-Results/pie/pie_image_19.png,"[1.0, 0.28, 0.2, 0.04, 0.18]","[39.0, 15.0, 12.0, 12.0, 22.0]
"
GeminiProVision,run_0,EXP2-Results/pie/pie_image_20.png,"[1.0, 0.06, 0.14, 0.05, 0.37]","[39.0, 14.0, 13.0, 17.0, 17.0]
"
GeminiProVision,average,,,
Gemini1_5Flash,run_0,EXP2-Results/pie/pie_image_1.png,"[1.0, 0.08, 0.22, 0.26, 0.12]","[1.0, 39.0, 10.0, 3.0, 28.0]"
Gemini1_5Flash,run_0,EXP2-Results/pie/pie_image_2.png,"[1.0, 0.17, 0.04, 0.16, 0.28]","[1.0, 3.0, 39.0, 20.0, 37.0] 
"
Gemini1_5Flash,run_0,EXP2-Results/pie/pie_image_3.png,"[1.0, 0.24, 0.16, 0.05, 0.27]","[1.0, 33.0, 15.0, 36.0, 16.0] 
"
Gemini1_5Flash,run_0,EXP2-Results/pie/pie_image_4.png,"[1.0, 0.37, 0.12, 0.06, 0.07]","[1.0, 39.0, 3.0, 23.0, 35.0] 
"
Gemini1_5Flash,run_0,EXP2-Results/pie/pie_image_5.png,"[1.0, 0.11, 0.07, 0.21, 0.2]","[1.0, 36.00, 3.00, 22.00, 39.00] 
"
Gemini1_5Flash,run_0,EXP2-Results/pie/pie_image_6.png,"[1.0, 0.24, 0.05, 0.26, 0.09]","[1.0, 39.0, 12.0, 36.0, 13.0] 
"
Gemini1_5Flash,run_0,EXP2-Results/pie/pie_image_7.png,"[1.0, 0.15, 0.08, 0.19, 0.2]","[1.0, 0.08, 0.25, 0.12, 0.0] 
"
Gemini1_5Flash,run_0,EXP2-Results/pie/pie_image_8.png,"[1.0, 0.07, 0.06, 0.26, 0.26]","[1.0, 39.0, 3.0, 21.0, 36.0] 
"
Gemini1_5Flash,run_0,EXP2-Results/pie/pie_image_9.png,"[1.0, 0.08, 0.2, 0.19, 0.22]","[1.0, 33.0, 11.0, 28.0, 28.0] 
"
Gemini1_5Flash,run_0,EXP2-Results/pie/pie_image_10.png,"[1.0, 0.17, 0.06, 0.23, 0.16]","[1.0, 3.0, 39.0, 33.0, 24.0] 
"
Gemini1_5Flash,run_0,EXP2-Results/pie/pie_image_11.png,"[1.0, 0.15, 0.08, 0.32, 0.09]","[1.0, 37.00, 3.00, 26.00, 34.00] 
"
Gemini1_5Flash,run_0,EXP2-Results/pie/pie_image_12.png,"[1.0, 0.06, 0.29, 0.11, 0.24]","[1.0, 39.0, 3.0, 25.0, 33.0] 
"
Gemini1_5Flash,run_0,EXP2-Results/pie/pie_image_13.png,"[1.0, 0.12, 0.34, 0.05, 0.13]","[1.0, 38.00, 15.00, 19.00, 28.00] 
"
Gemini1_5Flash,run_0,EXP2-Results/pie/pie_image_14.png,"[1.0, 0.23, 0.11, 0.29, 0.06]","[1.0, 3.0, 39.0, 34.0, 23.0] 
"
Gemini1_5Flash,run_0,EXP2-Results/pie/pie_image_15.png,"[1.0, 0.15, 0.15, 0.1, 0.29]","[1.0, 37.0, 27.0, 20.0, 16.0] 
"
Gemini1_5Flash,run_0,EXP2-Results/pie/pie_image_16.png,"[1.0, 0.26, 0.19, 0.13, 0.03]","[1.0, 3.0, 36.0, 33.0, 27.0] 
"
Gemini1_5Flash,run_0,EXP2-Results/pie/pie_image_17.png,"[1.0, 0.22, 0.11, 0.23, 0.06]","[1.0, 37.0, 3.0, 3.0, 3.0] 
"
Gemini1_5Flash,run_0,EXP2-Results/pie/pie_image_18.png,"[1.0, 0.13, 0.05, 0.16, 0.3]","[1.0, 3.0, 39.0, 17.0, 30.0] 
"
Gemini1_5Flash,run_0,EXP2-Results/pie/pie_image_19.png,"[1.0, 0.28, 0.2, 0.04, 0.18]","[1.0, 36.00, 16.00, 24.00, 24.00]"
Gemini1_5Flash,run_0,EXP2-Results/pie/pie_image_20.png,"[1.0, 0.06, 0.14, 0.05, 0.37]","[1.0, 34.0, 25.0, 28.0, 13.0] 
"
Gemini1_5Flash,average,,,
